dataset,feature,dtype,missing,infinite,unique_values,min,max,constant_feature
PhiUSIIL,URLLength,int64,0,0,482,13.0,6097.0,False
PhiUSIIL,DomainLength,int64,0,0,101,4.0,110.0,False
PhiUSIIL,IsDomainIP,int64,0,0,2,0.0,1.0,False
PhiUSIIL,URLSimilarityIndex,float64,0,0,36360,0.155574352,100.0,False
PhiUSIIL,CharContinuationRate,float64,0,0,898,0.0,1.0,False
PhiUSIIL,TLDLegitimateProb,float64,0,0,465,0.0,0.5229071,False
PhiUSIIL,URLCharProb,float64,0,0,227421,0.001082764,0.090823664,False
PhiUSIIL,TLDLength,int64,0,0,12,2.0,13.0,False
PhiUSIIL,NoOfSubDomain,int64,0,0,10,0.0,10.0,False
PhiUSIIL,HasObfuscation,int64,0,0,2,0.0,1.0,False
PhiUSIIL,NoOfObfuscatedChar,int64,0,0,20,0.0,447.0,False
PhiUSIIL,ObfuscationRatio,float64,0,0,146,0.0,0.348,False
PhiUSIIL,NoOfLettersInURL,int64,0,0,421,0.0,5191.0,False
PhiUSIIL,LetterRatioInURL,float64,0,0,709,0.0,0.926,False
PhiUSIIL,NoOfDegitsInURL,int64,0,0,182,0.0,2011.0,False
PhiUSIIL,DegitRatioInURL,float64,0,0,575,0.0,0.684,False
PhiUSIIL,NoOfEqualsInURL,int64,0,0,25,0.0,176.0,False
PhiUSIIL,NoOfQMarkInURL,int64,0,0,5,0.0,4.0,False
PhiUSIIL,NoOfAmpersandInURL,int64,0,0,31,0.0,149.0,False
PhiUSIIL,NoOfOtherSpecialCharsInURL,int64,0,0,74,0.0,499.0,False
PhiUSIIL,SpacialCharRatioInURL,float64,0,0,240,0.0,0.397,False
PhiUSIIL,IsHTTPS,int64,0,0,2,0.0,1.0,False
PhiUSIIL,LineOfCode,int64,0,0,10738,2.0,442666.0,False
PhiUSIIL,LargestLineLength,int64,0,0,26181,22.0,13975732.0,False
PhiUSIIL,HasTitle,int64,0,0,2,0.0,1.0,False
PhiUSIIL,DomainTitleMatchScore,float64,0,0,152,0.0,100.0,False
PhiUSIIL,URLTitleMatchScore,float64,0,0,497,0.0,100.0,False
PhiUSIIL,HasFavicon,int64,0,0,2,0.0,1.0,False
PhiUSIIL,Robots,int64,0,0,2,0.0,1.0,False
PhiUSIIL,IsResponsive,int64,0,0,2,0.0,1.0,False
PhiUSIIL,NoOfURLRedirect,int64,0,0,2,0.0,1.0,False
PhiUSIIL,NoOfSelfRedirect,int64,0,0,2,0.0,1.0,False
PhiUSIIL,HasDescription,int64,0,0,2,0.0,1.0,False
PhiUSIIL,NoOfPopup,int64,0,0,115,0.0,602.0,False
PhiUSIIL,NoOfiFrame,int64,0,0,119,0.0,1602.0,False
PhiUSIIL,HasExternalFormSubmit,int64,0,0,2,0.0,1.0,False
PhiUSIIL,HasSocialNet,int64,0,0,2,0.0,1.0,False
PhiUSIIL,HasSubmitButton,int64,0,0,2,0.0,1.0,False
PhiUSIIL,HasHiddenFields,int64,0,0,2,0.0,1.0,False
PhiUSIIL,HasPasswordField,int64,0,0,2,0.0,1.0,False
PhiUSIIL,Bank,int64,0,0,2,0.0,1.0,False
PhiUSIIL,Pay,int64,0,0,2,0.0,1.0,False
PhiUSIIL,Crypto,int64,0,0,2,0.0,1.0,False
PhiUSIIL,HasCopyrightInfo,int64,0,0,2,0.0,1.0,False
PhiUSIIL,NoOfImage,int64,0,0,992,0.0,8956.0,False
PhiUSIIL,NoOfCSS,int64,0,0,209,0.0,35820.0,False
PhiUSIIL,NoOfJS,int64,0,0,253,0.0,6957.0,False
PhiUSIIL,NoOfSelfRef,int64,0,0,1374,0.0,27397.0,False
PhiUSIIL,NoOfEmptyRef,int64,0,0,296,0.0,4887.0,False
PhiUSIIL,NoOfExternalRef,int64,0,0,1191,0.0,27516.0,False
PhiUSIIL,label,int64,0,0,2,0.0,1.0,False
ISCX-URL2016,Querylength,int64,0,0,319,0.0,1385.0,False
ISCX-URL2016,domain_token_count,int64,0,0,15,2.0,19.0,False
ISCX-URL2016,path_token_count,int64,0,0,43,0.0,68.0,False
ISCX-URL2016,avgdomaintokenlen,float64,0,0,162,1.5,29.5,False
ISCX-URL2016,longdomaintokenlen,int64,0,0,52,2.0,63.0,False
ISCX-URL2016,avgpathtokenlen,float64,280,0,835,0.0,105.0,False
ISCX-URL2016,tld,int64,0,0,15,2.0,19.0,False
ISCX-URL2016,charcompvowels,int64,0,0,150,0.0,193.0,False
ISCX-URL2016,charcompace,int64,0,0,127,0.0,142.0,False
ISCX-URL2016,ldl_url,int64,0,0,133,0.0,207.0,False
ISCX-URL2016,ldl_domain,int64,0,0,20,0.0,37.0,False
ISCX-URL2016,ldl_path,int64,0,0,132,0.0,207.0,False
ISCX-URL2016,ldl_filename,int64,0,0,22,0.0,33.0,False
ISCX-URL2016,ldl_getArg,int64,0,0,132,0.0,207.0,False
ISCX-URL2016,dld_url,int64,0,0,34,0.0,38.0,False
ISCX-URL2016,dld_domain,int64,0,0,12,0.0,25.0,False
ISCX-URL2016,dld_path,int64,0,0,33,0.0,32.0,False
ISCX-URL2016,dld_filename,int64,0,0,15,0.0,23.0,False
ISCX-URL2016,dld_getArg,int64,0,0,31,0.0,31.0,False
ISCX-URL2016,urlLen,int64,0,0,389,19.0,1424.0,False
ISCX-URL2016,domainlength,int64,0,0,86,4.0,227.0,False
ISCX-URL2016,pathLength,int64,0,0,380,0.0,1402.0,False
ISCX-URL2016,subDirLen,int64,0,0,380,0.0,1402.0,False
ISCX-URL2016,fileNameLen,int64,0,0,146,1.0,216.0,False
ISCX-URL2016,this.fileExtLen,int64,0,0,5,1.0,5.0,False
ISCX-URL2016,ArgLen,int64,0,0,341,0.0,1388.0,False
ISCX-URL2016,pathurlRatio,float64,0,0,2802,0.0,0.98455054,False
ISCX-URL2016,ArgUrlRatio,float64,0,0,2772,0.0,0.9747191,False
ISCX-URL2016,argDomanRatio,float64,0,0,1600,0.0,92.53333,False
ISCX-URL2016,domainUrlRatio,float64,0,0,2519,0.010533708,0.94520545,False
ISCX-URL2016,pathDomainRatio,float64,0,0,2463,0.0,93.46667,False
ISCX-URL2016,argPathRatio,float64,0,10,2047,0.0,2.0,False
ISCX-URL2016,executable,int64,0,0,2,0.0,1.0,False
ISCX-URL2016,isPortEighty,int64,0,0,2,-1.0,0.0,False
ISCX-URL2016,NumberofDotsinURL,int64,0,0,20,1.0,20.0,False
ISCX-URL2016,ISIpAddressInDomainName,int64,0,0,1,-1.0,-1.0,True
ISCX-URL2016,CharacterContinuityRate,float64,0,0,382,0.07514451,1.0,False
ISCX-URL2016,LongestVariableValue,int64,0,0,306,-1.0,1385.0,False
ISCX-URL2016,URL_DigitCount,int64,0,0,186,0.0,236.0,False
ISCX-URL2016,host_DigitCount,int64,0,0,31,0.0,64.0,False
ISCX-URL2016,Directory_DigitCount,int64,0,0,66,-1.0,86.0,False
ISCX-URL2016,File_name_DigitCount,int64,0,0,50,-1.0,110.0,False
ISCX-URL2016,Extension_DigitCount,int64,0,0,168,-1.0,236.0,False
ISCX-URL2016,Query_DigitCount,int64,0,0,159,-1.0,236.0,False
ISCX-URL2016,URL_Letter_Count,int64,0,0,483,10.0,1202.0,False
ISCX-URL2016,host_letter_count,int64,0,0,76,2.0,189.0,False
ISCX-URL2016,Directory_LetterCount,int64,0,0,125,-1.0,183.0,False
ISCX-URL2016,Filename_LetterCount,int64,0,0,100,-1.0,186.0,False
ISCX-URL2016,Extension_LetterCount,int64,0,0,467,-1.0,1179.0,False
ISCX-URL2016,Query_LetterCount,int64,0,0,452,-1.0,1173.0,False
ISCX-URL2016,LongestPathTokenLength,int64,0,0,343,0.0,1393.0,False
ISCX-URL2016,Domain_LongestWordLength,int64,0,0,34,2.0,40.0,False
ISCX-URL2016,Path_LongestWordLength,int64,0,0,43,0.0,99.0,False
ISCX-URL2016,sub-Directory_LongestWordLength,int64,0,0,36,-1.0,48.0,False
ISCX-URL2016,Arguments_LongestWordLength,int64,0,0,39,-1.0,91.0,False
ISCX-URL2016,URL_sensitiveWord,int64,0,0,4,0.0,3.0,False
ISCX-URL2016,URLQueries_variable,int64,0,0,15,0.0,19.0,False
ISCX-URL2016,spcharUrl,int64,0,0,17,1.0,17.0,False
ISCX-URL2016,delimeter_Domain,int64,0,0,11,0.0,10.0,False
ISCX-URL2016,delimeter_path,int64,0,0,35,0.0,64.0,False
ISCX-URL2016,delimeter_Count,int64,0,0,25,-1.0,37.0,False
ISCX-URL2016,NumberRate_URL,float64,0,0,3575,0.0,0.761904762,False
ISCX-URL2016,NumberRate_Domain,float64,0,0,196,0.0,0.733333333,False
ISCX-URL2016,NumberRate_DirectoryName,float64,10,0,729,-1.0,0.935064935,False
ISCX-URL2016,NumberRate_FileName,float64,10,0,2613,-1.0,1.0,False
ISCX-URL2016,NumberRate_Extension,float64,10130,0,2032,-1.0,1.0,False
ISCX-URL2016,NumberRate_AfterPath,float64,3,0,1851,-1.0,1.0,False
ISCX-URL2016,SymbolCount_URL,int64,0,0,40,2.0,47.0,False
ISCX-URL2016,SymbolCount_Domain,int64,0,0,15,1.0,18.0,False
ISCX-URL2016,SymbolCount_Directoryname,int64,0,0,25,-1.0,24.0,False
ISCX-URL2016,SymbolCount_FileName,int64,0,0,30,-1.0,40.0,False
ISCX-URL2016,SymbolCount_Extension,int64,0,0,29,-1.0,39.0,False
ISCX-URL2016,SymbolCount_Afterpath,int64,0,0,29,-1.0,40.0,False
ISCX-URL2016,Entropy_URL,float64,0,0,23450,0.419559536,0.895402861,False
ISCX-URL2016,Entropy_Domain,float64,0,0,1334,0.561912714,1.0,False
ISCX-URL2016,Entropy_DirectoryName,float64,8468,0,3936,-1.0,0.962478638,False
ISCX-URL2016,Entropy_Filename,float64,236,0,11513,-1.0,1.0,False
ISCX-URL2016,Entropy_Extension,float64,40,0,6449,-1.0,1.0,False
ISCX-URL2016,Entropy_Afterpath,float64,6,0,5792,-1.0,1.0,False
