feature,missing,unique_count,native_values,constant_feature
having_IP_Address,0,2,"b'-1', b'1'",False
URL_Length,0,3,"b'-1', b'0', b'1'",False
Shortining_Service,0,2,"b'-1', b'1'",False
having_At_Symbol,0,2,"b'-1', b'1'",False
double_slash_redirecting,0,2,"b'-1', b'1'",False
Prefix_Suffix,0,2,"b'-1', b'1'",False
having_Sub_Domain,0,3,"b'-1', b'0', b'1'",False
SSLfinal_State,0,3,"b'-1', b'0', b'1'",False
Domain_registeration_length,0,2,"b'-1', b'1'",False
Favicon,0,2,"b'-1', b'1'",False
port,0,2,"b'-1', b'1'",False
HTTPS_token,0,2,"b'-1', b'1'",False
Request_URL,0,2,"b'-1', b'1'",False
URL_of_Anchor,0,3,"b'-1', b'0', b'1'",False
Links_in_tags,0,3,"b'-1', b'0', b'1'",False
SFH,0,3,"b'-1', b'0', b'1'",False
Submitting_to_email,0,2,"b'-1', b'1'",False
Abnormal_URL,0,2,"b'-1', b'1'",False
Redirect,0,2,"b'0', b'1'",False
on_mouseover,0,2,"b'-1', b'1'",False
RightClick,0,2,"b'-1', b'1'",False
popUpWidnow,0,2,"b'-1', b'1'",False
Iframe,0,2,"b'-1', b'1'",False
age_of_domain,0,2,"b'-1', b'1'",False
DNSRecord,0,2,"b'-1', b'1'",False
web_traffic,0,3,"b'-1', b'0', b'1'",False
Page_Rank,0,2,"b'-1', b'1'",False
Google_Index,0,2,"b'-1', b'1'",False
Links_pointing_to_page,0,3,"b'-1', b'0', b'1'",False
Statistical_report,0,2,"b'-1', b'1'",False
Result,0,2,"b'-1', b'1'",False
