dataset,issue,audit_evidence,action,rationale,rows_before,rows_after,rows_removed,values_modified
UCI Phishing Websites,Exact duplicate rows,exact_duplicates.csv and predictor-label conflict check,Removed complete duplicate rows only,Exact copies provide no additional unique information. Predictor-level duplicates with different labels were preserved.,11055,5849,5206,
ISCX-URL2016 All,Exact duplicate rows,exact_duplicates.csv and predictor-label conflict check,Removed complete duplicate rows only,Exact copies provide no additional unique information. Predictor-level duplicates with different labels were preserved.,36707,26953,9754,
ISCX-URL2016 Phishing,Exact duplicate rows,exact_duplicates.csv and predictor-label conflict check,Removed complete duplicate rows only,Exact copies provide no additional unique information. Predictor-level duplicates with different labels were preserved.,15367,14823,544,
CEAS-08,Missing email text,missing_values.csv and email content audit,Replaced missing subject/body values with empty strings,"No email had both subject and body absent, so usable records were preserved without statistical imputation.",39154,39154,0,28.0
Enron,Missing email text,missing_values.csv and email content audit,Replaced missing subject/body values with empty strings,"No email had both subject and body absent, so usable records were preserved without statistical imputation.",29767,29767,0,198.0
Nazario,Missing email text,missing_values.csv and email content audit,Replaced missing subject/body values with empty strings,"No email had both subject and body absent, so usable records were preserved without statistical imputation.",1565,1565,0,4.0
SpamAssassin,Missing email text,missing_values.csv and email content audit,Replaced missing subject/body values with empty strings,"No email had both subject and body absent, so usable records were preserved without statistical imputation.",5809,5809,0,17.0
ISCX-URL2016 All,Infinite numeric values,structured_numeric_audit.csv and post-deduplication check,Converted positive and negative infinity to NaN,Non-finite values cannot be used directly by downstream models. They were standardized as missing values without performing statistical imputation.,26953,26953,0,10.0
ISCX-URL2016 Phishing,Infinite numeric values,structured_numeric_audit.csv and post-deduplication check,Converted positive and negative infinity to NaN,Non-finite values cannot be used directly by downstream models. They were standardized as missing values without performing statistical imputation.,14823,14823,0,9.0
UCI Phishing Websites,ARFF byte-string representation,uci_native_value_audit.csv,Converted byte-string values to integers,The ARFF loader represented native values as byte strings. Conversion to integers standardizes their representation without changing feature or label semantics.,5849,5849,0,181319.0
CEAS-08,Extreme email body length,email_length_distribution.csv and structural length review,Retained extreme-length observations,Length alone does not establish corruption. No objective cleaning criterion justified removing these source records.,39154,39154,0,0.0
Enron,Extreme email body length,email_length_distribution.csv and structural length review,Retained extreme-length observations,Length alone does not establish corruption. No objective cleaning criterion justified removing these source records.,29767,29767,0,0.0
Nazario,Extreme email body length,email_length_distribution.csv and structural length review,Retained extreme-length observations,Length alone does not establish corruption. No objective cleaning criterion justified removing these source records.,1565,1565,0,0.0
SpamAssassin,Extreme email body length,email_length_distribution.csv and structural length review,Retained extreme-length observations,Length alone does not establish corruption. No objective cleaning criterion justified removing these source records.,5809,5809,0,0.0
CEAS-08,Native label semantics,label_distribution.csv and verified_label_semantics.csv,Preserved native labels without harmonization,"Cleaning must not introduce unsupported class mappings. Spam and phishing are not assumed to be equivalent, and experimental target construction is deferred to a later stage.",39154,39154,0,0.0
Enron,Native label semantics,label_distribution.csv and verified_label_semantics.csv,Preserved native labels without harmonization,"Cleaning must not introduce unsupported class mappings. Spam and phishing are not assumed to be equivalent, and experimental target construction is deferred to a later stage.",29767,29767,0,0.0
Nazario,Native label semantics,label_distribution.csv and verified_label_semantics.csv,Preserved native labels without harmonization,"Cleaning must not introduce unsupported class mappings. Spam and phishing are not assumed to be equivalent, and experimental target construction is deferred to a later stage.",1565,1565,0,0.0
SpamAssassin,Native label semantics,label_distribution.csv and verified_label_semantics.csv,Preserved native labels without harmonization,"Cleaning must not introduce unsupported class mappings. Spam and phishing are not assumed to be equivalent, and experimental target construction is deferred to a later stage.",5809,5809,0,0.0
PhiUSIIL,Native label semantics,label_distribution.csv and verified_label_semantics.csv,Preserved native labels without harmonization,"Cleaning must not introduce unsupported class mappings. Spam and phishing are not assumed to be equivalent, and experimental target construction is deferred to a later stage.",235795,235795,0,0.0
UCI Phishing Websites,Native label semantics,label_distribution.csv and verified_label_semantics.csv,Preserved native labels without harmonization,"Cleaning must not introduce unsupported class mappings. Spam and phishing are not assumed to be equivalent, and experimental target construction is deferred to a later stage.",5849,5849,0,0.0
ISCX-URL2016 All,Native label semantics,label_distribution.csv and verified_label_semantics.csv,Preserved native labels without harmonization,"Cleaning must not introduce unsupported class mappings. Spam and phishing are not assumed to be equivalent, and experimental target construction is deferred to a later stage.",26953,26953,0,0.0
ISCX-URL2016 Phishing,Native label semantics,label_distribution.csv and verified_label_semantics.csv,Preserved native labels without harmonization,"Cleaning must not introduce unsupported class mappings. Spam and phishing are not assumed to be equivalent, and experimental target construction is deferred to a later stage.",14823,14823,0,0.0
